user_id,bio,certification,rating
29,Value here travel yeah try. Other lose blood.,Canine Esthetician,3.63
75,Name since it artist seven card sign. Wait doctor property sort remember.,Veterinary Assistant,4.93
139,Structure year police happen seem just. Politics the treatment police actually form.,Canine Esthetician,4.06
6,Pressure building history yourself water tonight. Week something sit program.,Veterinary Assistant,4.52
133,Us how help miss edge. Which community capital there center travel.,Master Groomer Certified,4.49
82,Happy herself show way language walk change. Specific move they particularly drop property.,Canine Esthetician,3.61
93,Image do represent help.,Veterinary Assistant,4.77
26,Statement collection card require factor house.,Master Groomer Certified,4.06
137,Throughout security morning memory century population.,Veterinary Assistant,4.47
145,Beautiful impact thus.,Pet CPR Certified,3.53
102,Service probably our according head organization book.,Canine Esthetician,3.56
69,Democratic region less kitchen concern. Executive company professor.,Master Groomer Certified,4.87
33,Want increase else media half life language. Beyond serious meet use term.,Pet CPR Certified,3.63
112,Four woman marriage. Fear western as bar its major green.,Pet CPR Certified,3.64
96,Task morning life consumer.,Veterinary Assistant,4.59
49,Air arrive hour campaign happen. Difficult dream degree trouble yet when trial.,Master Groomer Certified,4.05
135,Cut produce here. Particularly rather strategy fear generation.,Veterinary Assistant,3.56
134,Amount central recently beat key determine.,Pet CPR Certified,4.52
18,Surface behavior avoid there today become.,Pet CPR Certified,4.26
114,Itself history particular as board lot.,Canine Esthetician,3.7
71,Assume mention itself citizen dinner. Owner near cold yourself.,Pet CPR Certified,3.93
111,Mention free while old. Smile nature quite record forward focus music.,Master Groomer Certified,3.63
32,Thousand blood study look.,Master Groomer Certified,3.73
122,Author actually institution without special right. Safe job support budget age old institution.,Pet CPR Certified,4.31
104,Top learn everything figure reality how operation see. Property western two night.,Canine Esthetician,4.12
15,Information full leg teach with car.,Pet CPR Certified,3.77
55,She American feel boy best.,Canine Esthetician,4.86
89,Control Republican story dream off method. Money read whole sport together yard own.,Veterinary Assistant,4.91
42,Paper off share none huge.,Pet CPR Certified,4.0
76,As next history give say. Plan lose news once poor need listen.,Canine Esthetician,3.9
30,Everybody couple gun maybe run lot. Medical past produce matter or suddenly.,Canine Esthetician,3.89
88,Upon trial wife today certain act. Or news decade easy.,Canine Esthetician,4.23
109,Establish across modern light store appear knowledge.,Pet CPR Certified,4.33
77,Throughout plant national station full shake.,Veterinary Assistant,3.64
56,Third data miss development stop. Send where community.,Master Groomer Certified,4.04
38,Right direction religious Republican single.,Pet CPR Certified,4.3
52,Necessary of law almost personal live. Already teacher all fill every.,Veterinary Assistant,3.78
117,Middle deep would sort so. Eight help account.,Master Groomer Certified,4.26
101,Page behavior feel soon dark.,Pet CPR Certified,4.11
68,Message dinner keep. Thousand director color north soon our fall.,Pet CPR Certified,4.78
11,Resource week head I military improve.,Canine Esthetician,4.02
59,Possible administration enough world entire majority miss. Author long left physical.,Master Groomer Certified,4.46
90,Break position from fly tree result bed wrong.,Master Groomer Certified,4.17
98,Benefit point technology above night.,Canine Esthetician,3.55
124,Blood once majority tell well.,Pet CPR Certified,4.98
